world_type,player1,player2,outcome,avg_milliseconds_per_move_player1,avg_milliseconds_per_move_player2,num_moves,session_id,session_timestamp,milliseconds,game_num
con4,StrategyDefaultCon4,StrategyMiniMax,2,2.467632293701172e-05,103.78100860118866,26,exp2_r_def_y_minimax,07042024152426,3351.88671875,1
con4,StrategyDefaultCon4,StrategyMiniMax,2,0.0014233589172363281,11.433361455798149,34,exp2_r_def_y_minimax,07042024152426,2621.455078125,2
con4,StrategyDefaultCon4,StrategyMiniMax,1,0.0,297.33794617652893,21,exp2_r_def_y_minimax,07042024152426,3061.093505859375,3
con4,StrategyDefaultCon4,StrategyMiniMax,2,0.0,208.94858288764954,20,exp2_r_def_y_minimax,07042024152426,2413.87890625,4
con4,StrategyDefaultCon4,StrategyMiniMax,2,0.1029052734375,226.50399243831635,22,exp2_r_def_y_minimax,07042024152426,4600.783935546875,5
con4,StrategyDefaultCon4,StrategyMiniMax,2,0.0,209.2872190475464,16,exp2_r_def_y_minimax,07042024152426,1725.352294921875,6
con4,StrategyDefaultCon4,StrategyMiniMax,1,0.0,96.31895631551743,27,exp2_r_def_y_minimax,07042024152426,4276.124267578125,7
con4,StrategyDefaultCon4,StrategyMiniMax,1,0.0,509.8779821395874,21,exp2_r_def_y_minimax,07042024152426,3733.04638671875,8
con4,StrategyDefaultCon4,StrategyMiniMax,1,0.0,107.13773402571678,29,exp2_r_def_y_minimax,07042024152426,3511.1357421875,9
con4,StrategyDefaultCon4,StrategyMiniMax,2,0.04993629455566406,100.20772725343704,28,exp2_r_def_y_minimax,07042024152426,5399.2509765625,10
con4,StrategyDefaultCon4,StrategyMiniMax,2,0.0,85.59190221875906,30,exp2_r_def_y_minimax,07042024152426,4487.707275390625,11
con4,StrategyDefaultCon4,StrategyMiniMax,2,0.0,372.7424646615982,22,exp2_r_def_y_minimax,07042024152426,5559.641357421875,12
con4,StrategyDefaultCon4,StrategyMiniMax,2,0.0,121.74986377358437,28,exp2_r_def_y_minimax,07042024152426,4103.645263671875,13
con4,StrategyDefaultCon4,StrategyMiniMax,2,0.0,62.45919380709529,32,exp2_r_def_y_minimax,07042024152426,3990.034423828125,14
con4,StrategyDefaultCon4,StrategyMiniMax,2,0.0,242.7495732307434,22,exp2_r_def_y_minimax,07042024152426,3954.699462890625,15
con4,StrategyDefaultCon4,StrategyMiniMax,2,0.0,189.42629200220108,24,exp2_r_def_y_minimax,07042024152426,5002.6484375,16
con4,StrategyDefaultCon4,StrategyMiniMax,2,0.0,69.25805872678757,28,exp2_r_def_y_minimax,07042024152426,4135.878662109375,17
con4,StrategyDefaultCon4,StrategyMiniMax,2,0.470184326171875,94.49070303142071,30,exp2_r_def_y_minimax,07042024152426,5144.636962890625,18
con4,StrategyDefaultCon4,StrategyMiniMax,2,0.0,10.146559474989772,38,exp2_r_def_y_minimax,07042024152426,3029.02490234375,19
con4,StrategyDefaultCon4,StrategyMiniMax,2,0.0,206.70181322097778,18,exp2_r_def_y_minimax,07042024152426,2426.496826171875,20
con4,StrategyDefaultCon4,StrategyMiniMax,1,0.0,562.8401970863342,19,exp2_r_def_y_minimax,07042024152426,4558.9501953125,21
con4,StrategyDefaultCon4,StrategyMiniMax,2,0.00024640560150146484,221.85925710201263,24,exp2_r_def_y_minimax,07042024152426,8383.500732421875,22
con4,StrategyDefaultCon4,StrategyMiniMax,2,0.019556045532226562,562.2701102495193,22,exp2_r_def_y_minimax,07042024152426,6992.19482421875,23
con4,StrategyDefaultCon4,StrategyMiniMax,2,0.0,88.89397367835045,28,exp2_r_def_y_minimax,07042024152426,4890.402099609375,24
con4,StrategyDefaultCon4,StrategyMiniMax,1,0.0,280.74834007024765,27,exp2_r_def_y_minimax,07042024152426,8037.8583984375,25
con4,StrategyDefaultCon4,StrategyMiniMax,2,0.03134918212890625,302.01060032844543,20,exp2_r_def_y_minimax,07042024152426,3940.19921875,26
con4,StrategyDefaultCon4,StrategyMiniMax,2,0.0,126.44914399087429,30,exp2_r_def_y_minimax,07042024152426,10631.562744140625,27
con4,StrategyDefaultCon4,StrategyMiniMax,1,0.0,1140.3564791679382,21,exp2_r_def_y_minimax,07042024152426,6576.345458984375,28
con4,StrategyDefaultCon4,StrategyMiniMax,2,0.065948486328125,55.20948773995042,32,exp2_r_def_y_minimax,07042024152426,3927.108642578125,29
con4,StrategyDefaultCon4,StrategyMiniMax,2,0.0,294.0833990573883,20,exp2_r_def_y_minimax,07042024152426,3216.91650390625,30
con4,StrategyDefaultCon4,StrategyMiniMax,1,0.0618133544921875,104.70020968466997,35,exp2_r_def_y_minimax,07042024152426,4597.77197265625,31
con4,StrategyDefaultCon4,StrategyMiniMax,0,0.0,18.52009992476087,42,exp2_r_def_y_minimax,07042024152426,8610.75,32
con4,StrategyDefaultCon4,StrategyMiniMax,1,0.0,205.38444078154862,35,exp2_r_def_y_minimax,07042024152426,13311.006591796875,33
con4,StrategyDefaultCon4,StrategyMiniMax,2,0.0,6.15628350363113,40,exp2_r_def_y_minimax,07042024152426,3813.21484375,34
con4,StrategyDefaultCon4,StrategyMiniMax,2,0.0,198.92752742767334,18,exp2_r_def_y_minimax,07042024152426,2497.029296875,35
con4,StrategyDefaultCon4,StrategyMiniMax,1,0.0,440.6803584098816,23,exp2_r_def_y_minimax,07042024152426,5547.9169921875,36
con4,StrategyDefaultCon4,StrategyMiniMax,2,0.0,203.93431735038757,22,exp2_r_def_y_minimax,07042024152426,3071.643798828125,37
con4,StrategyDefaultCon4,StrategyMiniMax,2,0.0,318.33695179224014,24,exp2_r_def_y_minimax,07042024152426,5285.08935546875,38
con4,StrategyDefaultCon4,StrategyMiniMax,2,0.0,319.8326404094696,20,exp2_r_def_y_minimax,07042024152426,3311.654296875,39
con4,StrategyDefaultCon4,StrategyMiniMax,2,0.0334320068359375,53.9827023036778,32,exp2_r_def_y_minimax,07042024152426,3625.594970703125,40
con4,StrategyDefaultCon4,StrategyMiniMax,2,0.0,159.70917814970016,24,exp2_r_def_y_minimax,07042024152426,3485.23095703125,41
con4,StrategyDefaultCon4,StrategyMiniMax,2,0.313232421875,200.30078125,18,exp2_r_def_y_minimax,07042024152426,2329.7080078125,42
con4,StrategyDefaultCon4,StrategyMiniMax,1,0.0,201.0100082680583,31,exp2_r_def_y_minimax,07042024152426,6584.3798828125,43
con4,StrategyDefaultCon4,StrategyMiniMax,2,0.0,251.23466455936432,24,exp2_r_def_y_minimax,07042024152426,3550.30322265625,44
con4,StrategyDefaultCon4,StrategyMiniMax,2,0.0,8.793520286213607,38,exp2_r_def_y_minimax,07042024152426,5525.178955078125,45
con4,StrategyDefaultCon4,StrategyMiniMax,2,0.0,53.085255831480026,26,exp2_r_def_y_minimax,07042024152426,2683.099853515625,46
con4,StrategyDefaultCon4,StrategyMiniMax,2,0.0,23.02147880848497,38,exp2_r_def_y_minimax,07042024152426,4251.852294921875,47
con4,StrategyDefaultCon4,StrategyMiniMax,2,6.493926048278809e-05,92.56919941306114,26,exp2_r_def_y_minimax,07042024152426,5615.46923828125,48
con4,StrategyDefaultCon4,StrategyMiniMax,2,0.0,204.97383093833923,20,exp2_r_def_y_minimax,07042024152426,2909.790771484375,49
con4,StrategyDefaultCon4,StrategyMiniMax,2,0.0,206.7800498008728,20,exp2_r_def_y_minimax,07042024152426,3198.897216796875,50
con4,StrategyDefaultCon4,StrategyMiniMax,2,0.008085250854492188,66.47945330664515,34,exp2_r_def_y_minimax,07042024152426,9000.7529296875,51
con4,StrategyDefaultCon4,StrategyMiniMax,1,0.0,31.921525205485523,37,exp2_r_def_y_minimax,07042024152426,3886.139404296875,52
con4,StrategyDefaultCon4,StrategyMiniMax,2,0.7557373046875,177.04051961004734,28,exp2_r_def_y_minimax,07042024152426,5301.5986328125,53
con4,StrategyDefaultCon4,StrategyMiniMax,2,0.00026237964630126953,227.18234769441187,34,exp2_r_def_y_minimax,07042024152426,9049.822265625,54
con4,StrategyDefaultCon4,StrategyMiniMax,2,0.00450897216796875,103.60145316272974,32,exp2_r_def_y_minimax,07042024152426,4553.262451171875,55
con4,StrategyDefaultCon4,StrategyMiniMax,1,0.0,113.23798742890358,27,exp2_r_def_y_minimax,07042024152426,3544.079345703125,56
con4,StrategyDefaultCon4,StrategyMiniMax,1,0.0,11.54758785944432,39,exp2_r_def_y_minimax,07042024152426,6868.715087890625,57
con4,StrategyDefaultCon4,StrategyMiniMax,2,0.0,272.096576243639,26,exp2_r_def_y_minimax,07042024152426,8060.467529296875,58
con4,StrategyDefaultCon4,StrategyMiniMax,2,0.0,155.87974560260773,26,exp2_r_def_y_minimax,07042024152426,3649.12158203125,59
con4,StrategyDefaultCon4,StrategyMiniMax,1,0.0,476.7520704269409,19,exp2_r_def_y_minimax,07042024152426,4453.4765625,60
con4,StrategyDefaultCon4,StrategyMiniMax,2,0.0,134.6479585915804,28,exp2_r_def_y_minimax,07042024152426,6406.5556640625,61
con4,StrategyDefaultCon4,StrategyMiniMax,2,0.0007356619462370872,35.69467888213694,36,exp2_r_def_y_minimax,07042024152426,8077.624267578125,62
con4,StrategyDefaultCon4,StrategyMiniMax,2,0.0,103.20021703466773,32,exp2_r_def_y_minimax,07042024152426,7659.481689453125,63
con4,StrategyDefaultCon4,StrategyMiniMax,1,0.0,111.02665235102177,29,exp2_r_def_y_minimax,07042024152426,4747.676513671875,64
con4,StrategyDefaultCon4,StrategyMiniMax,1,0.0,358.5526168346405,25,exp2_r_def_y_minimax,07042024152426,6133.7548828125,65
con4,StrategyDefaultCon4,StrategyMiniMax,1,0.0,292.9179571866989,23,exp2_r_def_y_minimax,07042024152426,3523.060791015625,66
con4,StrategyDefaultCon4,StrategyMiniMax,2,0.0624847412109375,70.6163344681263,26,exp2_r_def_y_minimax,07042024152426,2658.22412109375,67
con4,StrategyDefaultCon4,StrategyMiniMax,2,3.0450522899627686e-05,50.309852074831724,34,exp2_r_def_y_minimax,07042024152426,4104.40234375,68
con4,StrategyDefaultCon4,StrategyMiniMax,2,0.0,33.661484917625785,36,exp2_r_def_y_minimax,07042024152426,3916.253173828125,69
con4,StrategyDefaultCon4,StrategyMiniMax,2,0.007862091064453125,216.11720383167267,22,exp2_r_def_y_minimax,07042024152426,3988.842041015625,70
con4,StrategyDefaultCon4,StrategyMiniMax,1,0.0002415180206298828,159.80268323421478,25,exp2_r_def_y_minimax,07042024152426,2970.545166015625,71
con4,StrategyDefaultCon4,StrategyMiniMax,2,0.0,150.85130487568676,34,exp2_r_def_y_minimax,07042024152426,7304.0810546875,72
con4,StrategyDefaultCon4,StrategyMiniMax,2,0.0,69.70680093765259,20,exp2_r_def_y_minimax,07042024152426,2403.455810546875,73
con4,StrategyDefaultCon4,StrategyMiniMax,2,0.0,157.03703331947327,20,exp2_r_def_y_minimax,07042024152426,2622.08203125,74
con4,StrategyDefaultCon4,StrategyMiniMax,1,0.009907722473144531,52.62296849489212,33,exp2_r_def_y_minimax,07042024152426,3897.2900390625,75
con4,StrategyDefaultCon4,StrategyMiniMax,1,0.07503509521484375,196.30228543281555,25,exp2_r_def_y_minimax,07042024152426,3962.350341796875,76
con4,StrategyDefaultCon4,StrategyMiniMax,2,0.0009763240814208984,200.8463153243065,24,exp2_r_def_y_minimax,07042024152426,2869.472900390625,77
con4,StrategyDefaultCon4,StrategyMiniMax,2,0.03153228759765625,76.6889580488205,24,exp2_r_def_y_minimax,07042024152426,2265.9423828125,78
con4,StrategyDefaultCon4,StrategyMiniMax,2,0.0,66.33078479766846,26,exp2_r_def_y_minimax,07042024152426,2267.79150390625,79
con4,StrategyDefaultCon4,StrategyMiniMax,2,0.0,181.70556926727295,20,exp2_r_def_y_minimax,07042024152426,2111.33642578125,80
con4,StrategyDefaultCon4,StrategyMiniMax,0,0.006206512451171875,9.019040347775444,42,exp2_r_def_y_minimax,07042024152426,4152.813232421875,81
con4,StrategyDefaultCon4,StrategyMiniMax,1,0.0068359375,103.25052425265312,27,exp2_r_def_y_minimax,07042024152426,3590.6171875,82
con4,StrategyDefaultCon4,StrategyMiniMax,1,4.0978193283081055e-07,57.73903824016452,33,exp2_r_def_y_minimax,07042024152426,2459.706298828125,83
con4,StrategyDefaultCon4,StrategyMiniMax,2,0.0,5.458722000010312,38,exp2_r_def_y_minimax,07042024152426,5398.436767578125,84
con4,StrategyDefaultCon4,StrategyMiniMax,1,0.0,593.4616317749023,21,exp2_r_def_y_minimax,07042024152426,7552.227294921875,85
con4,StrategyDefaultCon4,StrategyMiniMax,2,0.0,232.97138565778732,24,exp2_r_def_y_minimax,07042024152426,7603.92236328125,86
con4,StrategyDefaultCon4,StrategyMiniMax,2,0.0,79.0768581032753,24,exp2_r_def_y_minimax,07042024152426,3097.475830078125,87
con4,StrategyDefaultCon4,StrategyMiniMax,1,0.0,1229.3118643760681,21,exp2_r_def_y_minimax,07042024152426,7927.545166015625,88
con4,StrategyDefaultCon4,StrategyMiniMax,2,0.03133869171142578,204.83937120437622,20,exp2_r_def_y_minimax,07042024152426,2960.9912109375,89
con4,StrategyDefaultCon4,StrategyMiniMax,2,0.0005166530609130859,48.42775146663189,30,exp2_r_def_y_minimax,07042024152426,7439.767822265625,90
con4,StrategyDefaultCon4,StrategyMiniMax,2,0.0,192.24712073802948,26,exp2_r_def_y_minimax,07042024152426,5891.63232421875,91
con4,StrategyDefaultCon4,StrategyMiniMax,2,0.0,112.74124413728714,24,exp2_r_def_y_minimax,07042024152426,3125.3740234375,92
con4,StrategyDefaultCon4,StrategyMiniMax,2,0.0,62.234289571642876,28,exp2_r_def_y_minimax,07042024152426,4461.142578125,93
con4,StrategyDefaultCon4,StrategyMiniMax,1,0.015621185302734375,404.10310554504395,17,exp2_r_def_y_minimax,07042024152426,2573.98974609375,94
con4,StrategyDefaultCon4,StrategyMiniMax,2,0.0769805908203125,75.94266384840012,28,exp2_r_def_y_minimax,07042024152426,4871.939453125,95
con4,StrategyDefaultCon4,StrategyMiniMax,1,0.25238940864801407,88.46288735605776,35,exp2_r_def_y_minimax,07042024152426,3067.190185546875,96
con4,StrategyDefaultCon4,StrategyMiniMax,2,0.00283050537109375,199.11694240570068,16,exp2_r_def_y_minimax,07042024152426,1515.639404296875,97
con4,StrategyDefaultCon4,StrategyMiniMax,2,0.532684326171875,121.8879867196083,30,exp2_r_def_y_minimax,07042024152426,5478.842529296875,98
con4,StrategyDefaultCon4,StrategyMiniMax,2,0.12216758728027344,170.65134942531586,22,exp2_r_def_y_minimax,07042024152426,3140.456787109375,99
con4,StrategyDefaultCon4,StrategyMiniMax,1,0.015256643295288086,455.4914813041687,19,exp2_r_def_y_minimax,07042024152426,4735.007080078125,100
con4,StrategyDefaultCon4,StrategyTabQLearning,1,0.0,0.015256643295288086,25,exp2_r_def_y_tabq,07042024153211,15.622802734375,1
con4,StrategyDefaultCon4,StrategyTabQLearning,1,0.0,0.12205696105957031,25,exp2_r_def_y_tabq,07042024153211,15.623291015625,2
con4,StrategyDefaultCon4,StrategyTabQLearning,1,0.9767608642578125,0.0,23,exp2_r_def_y_tabq,07042024153211,15.628173828125,3
con4,StrategyDefaultCon4,StrategyTabQLearning,1,0.0,0.0,17,exp2_r_def_y_tabq,07042024153211,16.022216796875,4
con4,StrategyDefaultCon4,StrategyTabQLearning,1,0.0,0.164642333984375,19,exp2_r_def_y_tabq,07042024153211,5.2685546875,5
con4,StrategyDefaultCon4,StrategyTabQLearning,1,0.0,0.0,13,exp2_r_def_y_tabq,07042024153211,10.513671875,6
con4,StrategyDefaultCon4,StrategyTabQLearning,1,0.0,0.0,9,exp2_r_def_y_tabq,07042024153211,0.0,7
con4,StrategyDefaultCon4,StrategyTabQLearning,1,0.0,0.0,25,exp2_r_def_y_tabq,07042024153211,15.800537109375,8
con4,StrategyDefaultCon4,StrategyTabQLearning,1,0.0,0.0,9,exp2_r_def_y_tabq,07042024153211,0.0,9
con4,StrategyDefaultCon4,StrategyTabQLearning,1,0.0,0.0,15,exp2_r_def_y_tabq,07042024153211,15.63427734375,10
con4,StrategyDefaultCon4,StrategyTabQLearning,1,0.0,0.0,13,exp2_r_def_y_tabq,07042024153211,0.0,11
con4,StrategyDefaultCon4,StrategyTabQLearning,1,0.4882965087890625,0.0,21,exp2_r_def_y_tabq,07042024153211,15.62548828125,12
con4,StrategyDefaultCon4,StrategyTabQLearning,1,0.0,0.0,19,exp2_r_def_y_tabq,07042024153211,0.0,13
con4,StrategyDefaultCon4,StrategyTabQLearning,1,0.0,0.0,13,exp2_r_def_y_tabq,07042024153211,15.6240234375,14
con4,StrategyDefaultCon4,StrategyTabQLearning,1,0.0,7.0048828125,21,exp2_r_def_y_tabq,07042024153211,14.009765625,15
con4,StrategyDefaultCon4,StrategyTabQLearning,1,0.0,0.0,11,exp2_r_def_y_tabq,07042024153211,2.00732421875,16
con4,StrategyDefaultCon4,StrategyTabQLearning,1,0.0,0.0,13,exp2_r_def_y_tabq,07042024153211,0.0,17
con4,StrategyDefaultCon4,StrategyTabQLearning,1,0.0,0.0,19,exp2_r_def_y_tabq,07042024153211,15.631591796875,18
con4,StrategyDefaultCon4,StrategyTabQLearning,1,0.0,0.0,13,exp2_r_def_y_tabq,07042024153211,0.0,19
con4,StrategyDefaultCon4,StrategyTabQLearning,1,0.0,0.0,21,exp2_r_def_y_tabq,07042024153211,15.754150390625,20
con4,StrategyDefaultCon4,StrategyTabQLearning,1,0.0,0.0,15,exp2_r_def_y_tabq,07042024153211,15.63671875,21
con4,StrategyDefaultCon4,StrategyTabQLearning,1,0.0,0.0,19,exp2_r_def_y_tabq,07042024153211,0.0,22
con4,StrategyDefaultCon4,StrategyTabQLearning,1,0.0,0.061031341552734375,21,exp2_r_def_y_tabq,07042024153211,15.6240234375,23
con4,StrategyDefaultCon4,StrategyTabQLearning,1,0.0,0.0,13,exp2_r_def_y_tabq,07042024153211,0.0,24
con4,StrategyDefaultCon4,StrategyTabQLearning,1,0.0,0.0,33,exp2_r_def_y_tabq,07042024153211,31.25,25
con4,StrategyDefaultCon4,StrategyTabQLearning,1,0.00024458765983581543,6.00341796875,29,exp2_r_def_y_tabq,07042024153211,16.01416015625,26
con4,StrategyDefaultCon4,StrategyTabQLearning,1,0.0,0.0,19,exp2_r_def_y_tabq,07042024153211,0.0,27
con4,StrategyDefaultCon4,StrategyTabQLearning,1,0.0,0.0,31,exp2_r_def_y_tabq,07042024153211,15.633544921875,28
con4,StrategyDefaultCon4,StrategyTabQLearning,1,0.0,0.12206840515136719,23,exp2_r_def_y_tabq,07042024153211,15.624755859375,29
con4,StrategyDefaultCon4,StrategyTabQLearning,1,0.0,0.0,9,exp2_r_def_y_tabq,07042024153211,0.0,30
con4,StrategyDefaultCon4,StrategyTabQLearning,1,0.0,0.0,9,exp2_r_def_y_tabq,07042024153211,15.624755859375,31
con4,StrategyDefaultCon4,StrategyTabQLearning,1,0.0,0.0,17,exp2_r_def_y_tabq,07042024153211,0.0,32
con4,StrategyDefaultCon4,StrategyTabQLearning,1,0.0,0.0,21,exp2_r_def_y_tabq,07042024153211,15.625732421875,33
con4,StrategyDefaultCon4,StrategyTabQLearning,1,0.9765167236328125,0.0,29,exp2_r_def_y_tabq,07042024153211,15.624267578125,34
con4,StrategyDefaultCon4,StrategyTabQLearning,1,0.0,0.15634536743164062,25,exp2_r_def_y_tabq,07042024153211,16.011962890625,35
con4,StrategyDefaultCon4,StrategyTabQLearning,1,0.0,0.0,13,exp2_r_def_y_tabq,07042024153211,0.0,36
con4,StrategyDefaultCon4,StrategyTabQLearning,1,0.0,3.908935546875,21,exp2_r_def_y_tabq,07042024153211,15.6357421875,37
con4,StrategyDefaultCon4,StrategyTabQLearning,1,0.0,0.0,17,exp2_r_def_y_tabq,07042024153211,0.0,38
con4,StrategyDefaultCon4,StrategyTabQLearning,1,0.0,0.06103992462158203,21,exp2_r_def_y_tabq,07042024153211,15.626220703125,39
con4,StrategyDefaultCon4,StrategyTabQLearning,2,0.0,0.0,30,exp2_r_def_y_tabq,07042024153211,15.621337890625,40
con4,StrategyDefaultCon4,StrategyTabQLearning,1,0.0,0.0001232624053955078,29,exp2_r_def_y_tabq,07042024153211,16.06982421875,41
con4,StrategyDefaultCon4,StrategyTabQLearning,1,0.0,0.0,9,exp2_r_def_y_tabq,07042024153211,0.0,42
con4,StrategyDefaultCon4,StrategyTabQLearning,1,0.0,0.0,21,exp2_r_def_y_tabq,07042024153211,15.649169921875,43
con4,StrategyDefaultCon4,StrategyTabQLearning,1,1.938690185546875,0.0,19,exp2_r_def_y_tabq,07042024153211,15.509521484375,44
con4,StrategyDefaultCon4,StrategyTabQLearning,1,0.0,0.0,19,exp2_r_def_y_tabq,07042024153211,0.0,45
con4,StrategyDefaultCon4,StrategyTabQLearning,1,0.0,0.0,7,exp2_r_def_y_tabq,07042024153211,15.635986328125,46
con4,StrategyDefaultCon4,StrategyTabQLearning,1,0.0,0.0,13,exp2_r_def_y_tabq,07042024153211,0.0,47
con4,StrategyDefaultCon4,StrategyTabQLearning,1,0.0,0.0,13,exp2_r_def_y_tabq,07042024153211,15.624755859375,48
con4,StrategyDefaultCon4,StrategyTabQLearning,1,0.0,0.0,15,exp2_r_def_y_tabq,07042024153211,0.0,49
con4,StrategyDefaultCon4,StrategyTabQLearning,1,0.0,0.0,23,exp2_r_def_y_tabq,07042024153211,15.62548828125,50
con4,StrategyDefaultCon4,StrategyTabQLearning,1,0.0,0.0,19,exp2_r_def_y_tabq,07042024153211,0.0,51
con4,StrategyDefaultCon4,StrategyTabQLearning,1,0.0,0.0,23,exp2_r_def_y_tabq,07042024153211,15.62451171875,52
con4,StrategyDefaultCon4,StrategyTabQLearning,1,0.0,0.0,17,exp2_r_def_y_tabq,07042024153211,15.626953125,53
con4,StrategyDefaultCon4,StrategyTabQLearning,1,0.0,0.0,9,exp2_r_def_y_tabq,07042024153211,0.0,54
con4,StrategyDefaultCon4,StrategyTabQLearning,1,0.0,0.0,11,exp2_r_def_y_tabq,07042024153211,15.62060546875,55
con4,StrategyDefaultCon4,StrategyTabQLearning,1,0.0,0.0,19,exp2_r_def_y_tabq,07042024153211,6.488037109375,56
con4,StrategyDefaultCon4,StrategyTabQLearning,1,0.0,0.5941314697265625,19,exp2_r_def_y_tabq,07042024153211,9.506103515625,57
con4,StrategyDefaultCon4,StrategyTabQLearning,1,0.0,0.0,15,exp2_r_def_y_tabq,07042024153211,0.0,58
con4,StrategyDefaultCon4,StrategyTabQLearning,2,0.0,0.0,20,exp2_r_def_y_tabq,07042024153211,15.6337890625,59
con4,StrategyDefaultCon4,StrategyTabQLearning,1,3.90625,0.0,21,exp2_r_def_y_tabq,07042024153211,15.625,60
con4,StrategyDefaultCon4,StrategyTabQLearning,1,0.0,0.0,19,exp2_r_def_y_tabq,07042024153211,0.0,61
con4,StrategyDefaultCon4,StrategyTabQLearning,1,0.0,0.0,13,exp2_r_def_y_tabq,07042024153211,15.627685546875,62
con4,StrategyDefaultCon4,StrategyTabQLearning,1,0.0,0.0,13,exp2_r_def_y_tabq,07042024153211,0.0,63
con4,StrategyDefaultCon4,StrategyTabQLearning,1,0.0,0.0,13,exp2_r_def_y_tabq,07042024153211,0.0,64
con4,StrategyDefaultCon4,StrategyTabQLearning,1,0.0,0.0,25,exp2_r_def_y_tabq,07042024153211,15.62353515625,65
con4,StrategyDefaultCon4,StrategyTabQLearning,1,0.0,0.0,7,exp2_r_def_y_tabq,07042024153211,0.0,66
con4,StrategyDefaultCon4,StrategyTabQLearning,1,0.0,0.0,7,exp2_r_def_y_tabq,07042024153211,0.0,67
con4,StrategyDefaultCon4,StrategyTabQLearning,1,0.0,0.0,19,exp2_r_def_y_tabq,07042024153211,12.509765625,68
con4,StrategyDefaultCon4,StrategyTabQLearning,1,0.0,0.438232421875,13,exp2_r_def_y_tabq,07042024153211,3.505859375,69
con4,StrategyDefaultCon4,StrategyTabQLearning,1,0.0,0.0,29,exp2_r_def_y_tabq,07042024153211,15.635498046875,70
con4,StrategyDefaultCon4,StrategyTabQLearning,1,0.0,0.0,9,exp2_r_def_y_tabq,07042024153211,0.0,71
con4,StrategyDefaultCon4,StrategyTabQLearning,1,0.0,0.0,7,exp2_r_def_y_tabq,07042024153211,0.0,72
con4,StrategyDefaultCon4,StrategyTabQLearning,1,0.0,0.0,21,exp2_r_def_y_tabq,07042024153211,15.62548828125,73
con4,StrategyDefaultCon4,StrategyTabQLearning,1,0.0,0.0,27,exp2_r_def_y_tabq,07042024153211,15.622802734375,74
con4,StrategyDefaultCon4,StrategyTabQLearning,1,0.0,0.0,15,exp2_r_def_y_tabq,07042024153211,0.0,75
con4,StrategyDefaultCon4,StrategyTabQLearning,1,0.0,0.0,17,exp2_r_def_y_tabq,07042024153211,15.623046875,76
con4,StrategyDefaultCon4,StrategyTabQLearning,1,0.0,0.0,15,exp2_r_def_y_tabq,07042024153211,0.0,77
con4,StrategyDefaultCon4,StrategyTabQLearning,1,0.0,0.0,19,exp2_r_def_y_tabq,07042024153211,15.6259765625,78
con4,StrategyDefaultCon4,StrategyTabQLearning,1,0.0,0.0,17,exp2_r_def_y_tabq,07042024153211,18.649658203125,79
con4,StrategyDefaultCon4,StrategyTabQLearning,1,0.0,1.5836181640625,27,exp2_r_def_y_tabq,07042024153211,16.17529296875,80
con4,StrategyDefaultCon4,StrategyTabQLearning,1,0.0,0.0,19,exp2_r_def_y_tabq,07042024153211,10.47607421875,81
con4,StrategyDefaultCon4,StrategyTabQLearning,1,0.0,0.0,13,exp2_r_def_y_tabq,07042024153211,2.0380859375,82
con4,StrategyDefaultCon4,StrategyTabQLearning,1,0.0,0.0,7,exp2_r_def_y_tabq,07042024153211,0.0,83
con4,StrategyDefaultCon4,StrategyTabQLearning,1,0.0,0.0,19,exp2_r_def_y_tabq,07042024153211,15.86669921875,84
con4,StrategyDefaultCon4,StrategyTabQLearning,1,0.0,0.0,15,exp2_r_def_y_tabq,07042024153211,0.0,85
con4,StrategyDefaultCon4,StrategyTabQLearning,1,0.03053426742553711,0.0,25,exp2_r_def_y_tabq,07042024153211,15.633544921875,86
con4,StrategyDefaultCon4,StrategyTabQLearning,1,0.0,0.0,7,exp2_r_def_y_tabq,07042024153211,0.0,87
con4,StrategyDefaultCon4,StrategyTabQLearning,1,0.0,0.0,17,exp2_r_def_y_tabq,07042024153211,15.899658203125,88
con4,StrategyDefaultCon4,StrategyTabQLearning,1,0.0,0.0,9,exp2_r_def_y_tabq,07042024153211,0.0,89
con4,StrategyDefaultCon4,StrategyTabQLearning,1,0.0,0.0,21,exp2_r_def_y_tabq,07042024153211,15.36767578125,90
con4,StrategyDefaultCon4,StrategyTabQLearning,1,0.0,0.0,19,exp2_r_def_y_tabq,07042024153211,8.5361328125,91
con4,StrategyDefaultCon4,StrategyTabQLearning,1,0.0,0.0,11,exp2_r_def_y_tabq,07042024153211,7.523681640625,92
con4,StrategyDefaultCon4,StrategyTabQLearning,1,0.0,0.0,19,exp2_r_def_y_tabq,07042024153211,0.0,93
con4,StrategyDefaultCon4,StrategyTabQLearning,1,0.0,0.0,11,exp2_r_def_y_tabq,07042024153211,18.595947265625,94
con4,StrategyDefaultCon4,StrategyTabQLearning,1,0.0,0.0,19,exp2_r_def_y_tabq,07042024153211,0.0,95
con4,StrategyDefaultCon4,StrategyTabQLearning,1,0.0,0.0,29,exp2_r_def_y_tabq,07042024153211,13.0224609375,96
con4,StrategyDefaultCon4,StrategyTabQLearning,1,0.0,0.0019082725048065186,35,exp2_r_def_y_tabq,07042024153211,31.267578125,97
con4,StrategyDefaultCon4,StrategyTabQLearning,1,0.0,0.0,9,exp2_r_def_y_tabq,07042024153211,0.0,98
con4,StrategyDefaultCon4,StrategyTabQLearning,1,0.0,0.0,35,exp2_r_def_y_tabq,07042024153211,15.623291015625,99
con4,StrategyDefaultCon4,StrategyTabQLearning,1,0.0,0.0,9,exp2_r_def_y_tabq,07042024153211,16.017822265625,100
con4,StrategyTabQLearning,StrategyMiniMax,2,0.0,156.44009399414062,8,exp4_r_qtab_y_minimax,07042024153422,788.631591796875,1
con4,StrategyTabQLearning,StrategyMiniMax,2,0.846435546875,151.8052978515625,8,exp4_r_qtab_y_minimax,07042024153422,776.940185546875,2
con4,StrategyTabQLearning,StrategyMiniMax,2,0.0,158.65057373046875,8,exp4_r_qtab_y_minimax,07042024153422,807.376708984375,3
con4,StrategyTabQLearning,StrategyMiniMax,2,0.0,118.69574403762817,20,exp4_r_qtab_y_minimax,07042024153422,2347.409423828125,4
con4,StrategyTabQLearning,StrategyMiniMax,2,0.003940582275390625,69.37360572814941,26,exp4_r_qtab_y_minimax,07042024153422,2737.47314453125,5
con4,StrategyTabQLearning,StrategyMiniMax,2,0.0,159.72708129882812,8,exp4_r_qtab_y_minimax,07042024153422,828.60888671875,6
con4,StrategyTabQLearning,StrategyMiniMax,2,0.0,156.57760620117188,8,exp4_r_qtab_y_minimax,07042024153422,782.64990234375,7
con4,StrategyTabQLearning,StrategyMiniMax,2,1.1278076171875,154.76751708984375,8,exp4_r_qtab_y_minimax,07042024153422,781.68212890625,8
con4,StrategyTabQLearning,StrategyMiniMax,2,0.2541847229003906,134.36934447288513,22,exp4_r_qtab_y_minimax,07042024153422,2706.445556640625,9
con4,StrategyTabQLearning,StrategyMiniMax,2,0.2113037109375,156.68637084960938,8,exp4_r_qtab_y_minimax,07042024153422,788.28662109375,10
con4,StrategyTabQLearning,StrategyMiniMax,2,0.126068115234375,143.20932006835938,8,exp4_r_qtab_y_minimax,07042024153422,749.76416015625,11
con4,StrategyTabQLearning,StrategyMiniMax,2,0.0,170.59991455078125,8,exp4_r_qtab_y_minimax,07042024153422,814.094482421875,12
con4,StrategyTabQLearning,StrategyMiniMax,2,0.0,176.2344207763672,10,exp4_r_qtab_y_minimax,07042024153422,1111.337158203125,13
con4,StrategyTabQLearning,StrategyMiniMax,2,0.0,154.310546875,8,exp4_r_qtab_y_minimax,07042024153422,784.240966796875,14
con4,StrategyTabQLearning,StrategyMiniMax,2,0.0,194.7199249267578,10,exp4_r_qtab_y_minimax,07042024153422,1235.208984375,15
con4,StrategyTabQLearning,StrategyMiniMax,2,0.0,151.81552124023438,8,exp4_r_qtab_y_minimax,07042024153422,751.38818359375,16
con4,StrategyTabQLearning,StrategyMiniMax,2,0.0,141.13305377960205,20,exp4_r_qtab_y_minimax,07042024153422,2371.2841796875,17
con4,StrategyTabQLearning,StrategyMiniMax,2,0.0,188.9250030517578,8,exp4_r_qtab_y_minimax,07042024153422,1010.80078125,18
con4,StrategyTabQLearning,StrategyMiniMax,2,0.0,195.05262756347656,8,exp4_r_qtab_y_minimax,07042024153422,961.879638671875,19
con4,StrategyTabQLearning,StrategyMiniMax,2,0.0,287.10682678222656,10,exp4_r_qtab_y_minimax,07042024153422,1739.414306640625,20
con4,StrategyTabQLearning,StrategyMiniMax,2,1.48773193359375,232.64049530029297,10,exp4_r_qtab_y_minimax,07042024153422,1523.957275390625,21
con4,StrategyTabQLearning,StrategyMiniMax,2,0.0,116.12807989120483,18,exp4_r_qtab_y_minimax,07042024153422,2318.053466796875,22
con4,StrategyTabQLearning,StrategyMiniMax,2,0.0,155.18077087402344,8,exp4_r_qtab_y_minimax,07042024153422,775.2880859375,23
con4,StrategyTabQLearning,StrategyMiniMax,2,0.0,205.5620836019516,22,exp4_r_qtab_y_minimax,07042024153422,3363.736328125,24
con4,StrategyTabQLearning,StrategyMiniMax,2,0.0,153.9083709716797,8,exp4_r_qtab_y_minimax,07042024153422,788.908935546875,25
con4,StrategyTabQLearning,StrategyMiniMax,2,0.6506748199462891,73.05695605278015,24,exp4_r_qtab_y_minimax,07042024153422,2260.3291015625,26
con4,StrategyTabQLearning,StrategyMiniMax,2,0.128662109375,127.58648300170898,18,exp4_r_qtab_y_minimax,07042024153422,1668.808837890625,27
con4,StrategyTabQLearning,StrategyMiniMax,2,0.0,151.7431640625,8,exp4_r_qtab_y_minimax,07042024153422,779.980224609375,28
con4,StrategyTabQLearning,StrategyMiniMax,2,0.50048828125,163.8707733154297,8,exp4_r_qtab_y_minimax,07042024153422,837.660888671875,29
con4,StrategyTabQLearning,StrategyMiniMax,2,0.0,162.6517333984375,8,exp4_r_qtab_y_minimax,07042024153422,782.654052734375,30
con4,StrategyTabQLearning,StrategyMiniMax,2,0.00019741058349609375,85.74975967407227,22,exp4_r_qtab_y_minimax,07042024153422,2091.690673828125,31
con4,StrategyTabQLearning,StrategyMiniMax,2,0.125030517578125,148.5413360595703,8,exp4_r_qtab_y_minimax,07042024153422,764.993408203125,32
con4,StrategyTabQLearning,StrategyMiniMax,2,0.0,160.75070190429688,8,exp4_r_qtab_y_minimax,07042024153422,807.256591796875,33
con4,StrategyTabQLearning,StrategyMiniMax,2,0.0,160.21258544921875,8,exp4_r_qtab_y_minimax,07042024153422,799.031494140625,34
con4,StrategyTabQLearning,StrategyMiniMax,2,0.0,156.40283203125,8,exp4_r_qtab_y_minimax,07042024153422,778.91259765625,35
con4,StrategyTabQLearning,StrategyMiniMax,2,0.0935516357421875,44.951904475688934,32,exp4_r_qtab_y_minimax,07042024153422,2642.006591796875,36
con4,StrategyTabQLearning,StrategyMiniMax,2,0.0,173.69613897800446,24,exp4_r_qtab_y_minimax,07042024153422,3389.952880859375,37
con4,StrategyTabQLearning,StrategyMiniMax,2,0.0,133.966477394104,18,exp4_r_qtab_y_minimax,07042024153422,1772.769287109375,38
con4,StrategyTabQLearning,StrategyMiniMax,2,0.132080078125,125.92864316701889,26,exp4_r_qtab_y_minimax,07042024153422,3256.029052734375,39
con4,StrategyTabQLearning,StrategyMiniMax,2,0.0066024065017700195,99.35141831636429,24,exp4_r_qtab_y_minimax,07042024153422,2975.79052734375,40
con4,StrategyTabQLearning,StrategyMiniMax,2,0.0,258.2362976074219,10,exp4_r_qtab_y_minimax,07042024153422,1583.080322265625,41
con4,StrategyTabQLearning,StrategyMiniMax,2,0.0,220.4750518798828,8,exp4_r_qtab_y_minimax,07042024153422,1117.816650390625,42
con4,StrategyTabQLearning,StrategyMiniMax,2,0.0,219.45791625976562,8,exp4_r_qtab_y_minimax,07042024153422,1118.068359375,43
con4,StrategyTabQLearning,StrategyMiniMax,2,0.035552978515625,280.2006208896637,20,exp4_r_qtab_y_minimax,07042024153422,2956.003662109375,44
con4,StrategyTabQLearning,StrategyMiniMax,2,0.0,306.60003662109375,12,exp4_r_qtab_y_minimax,07042024153422,2366.77880859375,45
con4,StrategyTabQLearning,StrategyMiniMax,2,0.0,148.29933166503906,8,exp4_r_qtab_y_minimax,07042024153422,744.021728515625,46
con4,StrategyTabQLearning,StrategyMiniMax,2,0.0,161.0258026123047,8,exp4_r_qtab_y_minimax,07042024153422,800.447265625,47
con4,StrategyTabQLearning,StrategyMiniMax,2,0.0,51.60891115292907,32,exp4_r_qtab_y_minimax,07042024153422,3645.93115234375,48
con4,StrategyTabQLearning,StrategyMiniMax,2,0.0,201.42530822753906,8,exp4_r_qtab_y_minimax,07042024153422,1009.74755859375,49
con4,StrategyTabQLearning,StrategyMiniMax,2,0.0,204.17344665527344,8,exp4_r_qtab_y_minimax,07042024153422,1012.2607421875,50
con4,StrategyTabQLearning,StrategyMiniMax,2,0.0,195.82115173339844,8,exp4_r_qtab_y_minimax,07042024153422,973.837158203125,51
con4,StrategyTabQLearning,StrategyMiniMax,2,0.0,197.4696502685547,8,exp4_r_qtab_y_minimax,07042024153422,993.032470703125,52
con4,StrategyTabQLearning,StrategyMiniMax,2,0.0,203.0561065673828,8,exp4_r_qtab_y_minimax,07042024153422,1010.568359375,53
con4,StrategyTabQLearning,StrategyMiniMax,2,0.01763916015625,175.5094165802002,18,exp4_r_qtab_y_minimax,07042024153422,2353.8037109375,54
con4,StrategyTabQLearning,StrategyMiniMax,2,0.0,200.910888671875,8,exp4_r_qtab_y_minimax,07042024153422,1023.572509765625,55
con4,StrategyTabQLearning,StrategyMiniMax,2,0.0,142.86529302597046,18,exp4_r_qtab_y_minimax,07042024153422,2367.603759765625,56
con4,StrategyTabQLearning,StrategyMiniMax,2,0.066650390625,189.513916015625,8,exp4_r_qtab_y_minimax,07042024153422,953.999755859375,57
con4,StrategyTabQLearning,StrategyMiniMax,2,0.0,200.5153045654297,8,exp4_r_qtab_y_minimax,07042024153422,990.111083984375,58
con4,StrategyTabQLearning,StrategyMiniMax,2,0.105438232421875,135.52570021152496,22,exp4_r_qtab_y_minimax,07042024153422,2963.05224609375,59
con4,StrategyTabQLearning,StrategyMiniMax,2,0.0,262.5599331855774,24,exp4_r_qtab_y_minimax,07042024153422,4138.215576171875,60
con4,StrategyTabQLearning,StrategyMiniMax,2,0.0,200.6020050048828,8,exp4_r_qtab_y_minimax,07042024153422,1020.755615234375,61
con4,StrategyTabQLearning,StrategyMiniMax,2,0.0,119.22668796777725,24,exp4_r_qtab_y_minimax,07042024153422,2923.79248046875,62
con4,StrategyTabQLearning,StrategyMiniMax,2,0.0,210.42971801757812,8,exp4_r_qtab_y_minimax,07042024153422,1021.849853515625,63
con4,StrategyTabQLearning,StrategyMiniMax,2,0.30565834045410156,237.70027947425842,22,exp4_r_qtab_y_minimax,07042024153422,3693.67626953125,64
con4,StrategyTabQLearning,StrategyMiniMax,2,0.0,223.2910919189453,10,exp4_r_qtab_y_minimax,07042024153422,1416.667236328125,65
con4,StrategyTabQLearning,StrategyMiniMax,2,0.0,171.16400110721588,24,exp4_r_qtab_y_minimax,07042024153422,3365.583251953125,66
con4,StrategyTabQLearning,StrategyMiniMax,2,0.0,215.94546508789062,8,exp4_r_qtab_y_minimax,07042024153422,1071.2900390625,67
con4,StrategyTabQLearning,StrategyMiniMax,2,0.0,207.4803924560547,8,exp4_r_qtab_y_minimax,07042024153422,1056.6884765625,68
con4,StrategyTabQLearning,StrategyMiniMax,2,0.0,112.73542991280556,26,exp4_r_qtab_y_minimax,07042024153422,5297.54296875,69
con4,StrategyTabQLearning,StrategyMiniMax,2,0.0,206.93197631835938,8,exp4_r_qtab_y_minimax,07042024153422,993.28662109375,70
con4,StrategyTabQLearning,StrategyMiniMax,2,0.0,202.40875244140625,8,exp4_r_qtab_y_minimax,07042024153422,1038.97216796875,71
con4,StrategyTabQLearning,StrategyMiniMax,2,0.0,239.7607192993164,10,exp4_r_qtab_y_minimax,07042024153422,1512.602783203125,72
con4,StrategyTabQLearning,StrategyMiniMax,2,0.0,87.47357612475753,34,exp4_r_qtab_y_minimax,07042024153422,4022.06494140625,73
con4,StrategyTabQLearning,StrategyMiniMax,2,0.0,237.64401245117188,8,exp4_r_qtab_y_minimax,07042024153422,1135.78759765625,74
con4,StrategyTabQLearning,StrategyMiniMax,2,0.0,212.72403812408447,16,exp4_r_qtab_y_minimax,07042024153422,2299.8916015625,75
con4,StrategyTabQLearning,StrategyMiniMax,2,0.0,276.38663482666016,10,exp4_r_qtab_y_minimax,07042024153422,1665.05322265625,76
con4,StrategyTabQLearning,StrategyMiniMax,2,0.0,178.4873046875,8,exp4_r_qtab_y_minimax,07042024153422,890.408447265625,77
con4,StrategyTabQLearning,StrategyMiniMax,2,0.0,165.7002716064453,8,exp4_r_qtab_y_minimax,07042024153422,821.86962890625,78
con4,StrategyTabQLearning,StrategyMiniMax,2,0.0,87.66851031035185,30,exp4_r_qtab_y_minimax,07042024153422,4228.504150390625,79
con4,StrategyTabQLearning,StrategyMiniMax,2,0.0,232.54167938232422,10,exp4_r_qtab_y_minimax,07042024153422,1453.03662109375,80
con4,StrategyTabQLearning,StrategyMiniMax,2,0.0,227.69053649902344,10,exp4_r_qtab_y_minimax,07042024153422,1418.829833984375,81
con4,StrategyTabQLearning,StrategyMiniMax,2,0.0,227.9108190536499,16,exp4_r_qtab_y_minimax,07042024153422,2650.2236328125,82
con4,StrategyTabQLearning,StrategyMiniMax,2,1.102121353149414,189.56331300735474,18,exp4_r_qtab_y_minimax,07042024153422,2524.3798828125,83
con4,StrategyTabQLearning,StrategyMiniMax,2,0.0,346.9502959251404,20,exp4_r_qtab_y_minimax,07042024153422,4020.391845703125,84
con4,StrategyTabQLearning,StrategyMiniMax,2,0.0,159.85420829057693,26,exp4_r_qtab_y_minimax,07042024153422,3671.014404296875,85
con4,StrategyTabQLearning,StrategyMiniMax,2,0.0,198.70326232910156,8,exp4_r_qtab_y_minimax,07042024153422,978.123046875,86
con4,StrategyTabQLearning,StrategyMiniMax,2,0.0,219.10433959960938,8,exp4_r_qtab_y_minimax,07042024153422,1106.242919921875,87
con4,StrategyTabQLearning,StrategyMiniMax,2,0.0080108642578125,131.8568612933159,24,exp4_r_qtab_y_minimax,07042024153422,3831.224853515625,88
con4,StrategyTabQLearning,StrategyMiniMax,2,0.0,146.22642517089844,8,exp4_r_qtab_y_minimax,07042024153422,758.88916015625,89
con4,StrategyTabQLearning,StrategyMiniMax,2,0.0,154.27752685546875,8,exp4_r_qtab_y_minimax,07042024153422,759.695556640625,90
con4,StrategyTabQLearning,StrategyMiniMax,2,0.0,155.81692504882812,8,exp4_r_qtab_y_minimax,07042024153422,780.867919921875,91
con4,StrategyTabQLearning,StrategyMiniMax,2,0.0,204.25347137451172,10,exp4_r_qtab_y_minimax,07042024153422,1247.443359375,92
con4,StrategyTabQLearning,StrategyMiniMax,2,0.0,159.41778564453125,8,exp4_r_qtab_y_minimax,07042024153422,803.65771484375,93
con4,StrategyTabQLearning,StrategyMiniMax,2,0.0,182.94647216796875,8,exp4_r_qtab_y_minimax,07042024153422,851.5126953125,94
con4,StrategyTabQLearning,StrategyMiniMax,2,0.0,184.09413146972656,8,exp4_r_qtab_y_minimax,07042024153422,960.19384765625,95
con4,StrategyTabQLearning,StrategyMiniMax,2,0.0,266.9028778076172,10,exp4_r_qtab_y_minimax,07042024153422,1651.48388671875,96
con4,StrategyTabQLearning,StrategyMiniMax,2,0.0,186.9003143310547,8,exp4_r_qtab_y_minimax,07042024153422,960.570068359375,97
con4,StrategyTabQLearning,StrategyMiniMax,2,0.0,234.74539184570312,10,exp4_r_qtab_y_minimax,07042024153422,1458.7646484375,98
con4,StrategyTabQLearning,StrategyMiniMax,2,0.0,190.8809051513672,8,exp4_r_qtab_y_minimax,07042024153422,963.926513671875,99
con4,StrategyTabQLearning,StrategyMiniMax,2,0.0,187.9979705810547,8,exp4_r_qtab_y_minimax,07042024153422,944.451416015625,100
con4,StrategyRandomCon4,StrategyTabQLearning,1,0.0,0.0,7,exp6_r_rand_y_tabq,07042024165005,15.609130859375,1
con4,StrategyRandomCon4,StrategyTabQLearning,1,0.0,0.0,27,exp6_r_rand_y_tabq,07042024165005,0.0,2
con4,StrategyRandomCon4,StrategyTabQLearning,2,0.0,0.0,12,exp6_r_rand_y_tabq,07042024165005,15.62841796875,3
con4,StrategyRandomCon4,StrategyTabQLearning,1,0.0,0.0,13,exp6_r_rand_y_tabq,07042024165005,0.0,4
con4,StrategyRandomCon4,StrategyTabQLearning,1,0.0,2.1972198486328125,29,exp6_r_rand_y_tabq,07042024165005,16.899169921875,5
con4,StrategyRandomCon4,StrategyTabQLearning,2,0.0,0.22744178771972656,18,exp6_r_rand_y_tabq,07042024165005,8.488525390625,6
con4,StrategyRandomCon4,StrategyTabQLearning,1,0.0,0.13348388671875,9,exp6_r_rand_y_tabq,07042024165005,3.267822265625,7
con4,StrategyRandomCon4,StrategyTabQLearning,1,0.0,0.1146697998046875,17,exp6_r_rand_y_tabq,07042024165005,6.473876953125,8
con4,StrategyRandomCon4,StrategyTabQLearning,2,0.0,0.017728328704833984,20,exp6_r_rand_y_tabq,07042024165005,7.24462890625,9
con4,StrategyRandomCon4,StrategyTabQLearning,2,0.0,0.0310516357421875,14,exp6_r_rand_y_tabq,07042024165005,3.029052734375,10
con4,StrategyRandomCon4,StrategyTabQLearning,1,0.0,0.0,15,exp6_r_rand_y_tabq,07042024165005,4.53759765625,11
con4,StrategyRandomCon4,StrategyTabQLearning,1,0.0,0.0,21,exp6_r_rand_y_tabq,07042024165005,10.08935546875,12
con4,StrategyRandomCon4,StrategyTabQLearning,1,0.0,0.0,19,exp6_r_rand_y_tabq,07042024165005,0.0,13
con4,StrategyRandomCon4,StrategyTabQLearning,2,0.0,0.0,18,exp6_r_rand_y_tabq,07042024165005,0.0,14
con4,StrategyRandomCon4,StrategyTabQLearning,1,0.0,0.0,25,exp6_r_rand_y_tabq,07042024165005,16.099853515625,15
con4,StrategyRandomCon4,StrategyTabQLearning,1,0.0,0.0,9,exp6_r_rand_y_tabq,07042024165005,0.0,16
con4,StrategyRandomCon4,StrategyTabQLearning,1,0.0,0.0,15,exp6_r_rand_y_tabq,07042024165005,0.0,17
con4,StrategyRandomCon4,StrategyTabQLearning,1,0.0,0.0,25,exp6_r_rand_y_tabq,07042024165005,15.641845703125,18
con4,StrategyRandomCon4,StrategyTabQLearning,1,0.0,0.0,15,exp6_r_rand_y_tabq,07042024165005,0.0,19
con4,StrategyRandomCon4,StrategyTabQLearning,1,0.003814101219177246,0.0,29,exp6_r_rand_y_tabq,07042024165005,17.63037109375,20
con4,StrategyRandomCon4,StrategyTabQLearning,1,0.0,0.0,25,exp6_r_rand_y_tabq,07042024165005,14.01123046875,21
con4,StrategyRandomCon4,StrategyTabQLearning,1,0.0,0.0,33,exp6_r_rand_y_tabq,07042024165005,0.0,22
con4,StrategyRandomCon4,StrategyTabQLearning,1,0.0,0.01105499267578125,21,exp6_r_rand_y_tabq,07042024165005,22.0625,23
con4,StrategyRandomCon4,StrategyTabQLearning,2,0.0,0.0628662109375,18,exp6_r_rand_y_tabq,07042024165005,5.8671875,24
con4,StrategyRandomCon4,StrategyTabQLearning,1,0.0,0.4082651138305664,21,exp6_r_rand_y_tabq,07042024165005,7.114990234375,25
con4,StrategyRandomCon4,StrategyTabQLearning,1,0.0,0.0,9,exp6_r_rand_y_tabq,07042024165005,2.552001953125,26
con4,StrategyRandomCon4,StrategyTabQLearning,2,0.0,0.05549049377441406,26,exp6_r_rand_y_tabq,07042024165005,9.5712890625,27
con4,StrategyRandomCon4,StrategyTabQLearning,1,0.0,0.0,21,exp6_r_rand_y_tabq,07042024165005,0.0,28
con4,StrategyRandomCon4,StrategyTabQLearning,1,0.0,0.0,29,exp6_r_rand_y_tabq,07042024165005,15.008544921875,29
con4,StrategyRandomCon4,StrategyTabQLearning,1,0.0,0.0,27,exp6_r_rand_y_tabq,07042024165005,0.0,30
con4,StrategyRandomCon4,StrategyTabQLearning,1,0.0,0.564300537109375,15,exp6_r_rand_y_tabq,07042024165005,19.39013671875,31
con4,StrategyRandomCon4,StrategyTabQLearning,2,0.0,0.0156097412109375,14,exp6_r_rand_y_tabq,07042024165005,4.0146484375,32
con4,StrategyRandomCon4,StrategyTabQLearning,1,0.0,0.0,21,exp6_r_rand_y_tabq,07042024165005,0.0,33
con4,StrategyRandomCon4,StrategyTabQLearning,1,0.0,0.0,17,exp6_r_rand_y_tabq,07042024165005,0.0,34
con4,StrategyRandomCon4,StrategyTabQLearning,2,0.0,0.0,28,exp6_r_rand_y_tabq,07042024165005,16.62890625,35
con4,StrategyRandomCon4,StrategyTabQLearning,1,0.0,0.0,11,exp6_r_rand_y_tabq,07042024165005,0.0,36
con4,StrategyRandomCon4,StrategyTabQLearning,1,0.0,0.0,19,exp6_r_rand_y_tabq,07042024165005,15.0107421875,37
con4,StrategyRandomCon4,StrategyTabQLearning,1,0.0,0.0,11,exp6_r_rand_y_tabq,07042024165005,8.060302734375,38
con4,StrategyRandomCon4,StrategyTabQLearning,1,0.0,0.0,27,exp6_r_rand_y_tabq,07042024165005,7.510498046875,39
con4,StrategyRandomCon4,StrategyTabQLearning,1,0.0,0.0,11,exp6_r_rand_y_tabq,07042024165005,0.0,40
con4,StrategyRandomCon4,StrategyTabQLearning,1,0.0,0.0,23,exp6_r_rand_y_tabq,07042024165005,0.0,41
con4,StrategyRandomCon4,StrategyTabQLearning,2,0.0,0.12216758728027344,18,exp6_r_rand_y_tabq,07042024165005,15.637451171875,42
con4,StrategyRandomCon4,StrategyTabQLearning,1,0.0,0.0,21,exp6_r_rand_y_tabq,07042024165005,0.0,43
con4,StrategyRandomCon4,StrategyTabQLearning,2,0.0,0.0,30,exp6_r_rand_y_tabq,07042024165005,15.62646484375,44
con4,StrategyRandomCon4,StrategyTabQLearning,2,0.0,0.0,18,exp6_r_rand_y_tabq,07042024165005,0.0,45
con4,StrategyRandomCon4,StrategyTabQLearning,2,0.0,0.0,30,exp6_r_rand_y_tabq,07042024165005,19.633056640625,46
con4,StrategyRandomCon4,StrategyTabQLearning,2,0.0,5.212158203125,16,exp6_r_rand_y_tabq,07042024165005,10.93115234375,47
con4,StrategyRandomCon4,StrategyTabQLearning,1,0.0,0.206587553024292,29,exp6_r_rand_y_tabq,07042024165005,12.729736328125,48
con4,StrategyRandomCon4,StrategyTabQLearning,1,0.0020351409912109375,0.07525634765625,15,exp6_r_rand_y_tabq,07042024165005,6.351806640625,49
con4,StrategyRandomCon4,StrategyTabQLearning,2,0.0,0.16946053504943848,22,exp6_r_rand_y_tabq,07042024165005,7.911865234375,50
con4,StrategyRandomCon4,StrategyTabQLearning,1,0.0,0.0037614107131958008,25,exp6_r_rand_y_tabq,07042024165005,4.8857421875,51
con4,StrategyRandomCon4,StrategyTabQLearning,1,0.0,0.0,13,exp6_r_rand_y_tabq,07042024165005,0.0,52
con4,StrategyRandomCon4,StrategyTabQLearning,1,0.0,0.1317138671875,19,exp6_r_rand_y_tabq,07042024165005,15.5654296875,53
con4,StrategyRandomCon4,StrategyTabQLearning,1,0.0,0.0,17,exp6_r_rand_y_tabq,07042024165005,3.17431640625,54
con4,StrategyRandomCon4,StrategyTabQLearning,2,0.0,0.0,28,exp6_r_rand_y_tabq,07042024165005,11.50634765625,55
con4,StrategyRandomCon4,StrategyTabQLearning,1,0.0,0.0,31,exp6_r_rand_y_tabq,07042024165005,0.0,56
con4,StrategyRandomCon4,StrategyTabQLearning,1,0.0,0.12214279174804688,17,exp6_r_rand_y_tabq,07042024165005,15.63427734375,57
con4,StrategyRandomCon4,StrategyTabQLearning,2,0.0,0.6878662109375,24,exp6_r_rand_y_tabq,07042024165005,11.005859375,58
con4,StrategyRandomCon4,StrategyTabQLearning,2,0.0,0.0,18,exp6_r_rand_y_tabq,07042024165005,5.00732421875,59
con4,StrategyRandomCon4,StrategyTabQLearning,2,0.0,0.0,14,exp6_r_rand_y_tabq,07042024165005,0.0,60
con4,StrategyRandomCon4,StrategyTabQLearning,1,0.0,0.9780731201171875,27,exp6_r_rand_y_tabq,07042024165005,15.649169921875,61
con4,StrategyRandomCon4,StrategyTabQLearning,2,0.0,0.0,22,exp6_r_rand_y_tabq,07042024165005,0.0,62
con4,StrategyRandomCon4,StrategyTabQLearning,1,0.0,0.0,13,exp6_r_rand_y_tabq,07042024165005,15.607666015625,63
con4,StrategyRandomCon4,StrategyTabQLearning,2,0.0,0.0,14,exp6_r_rand_y_tabq,07042024165005,0.0,64
con4,StrategyRandomCon4,StrategyTabQLearning,2,0.0,0.0,18,exp6_r_rand_y_tabq,07042024165005,0.0,65
con4,StrategyRandomCon4,StrategyTabQLearning,2,0.0,0.0,20,exp6_r_rand_y_tabq,07042024165005,15.626708984375,66
con4,StrategyRandomCon4,StrategyTabQLearning,1,0.0,0.000718235969543457,29,exp6_r_rand_y_tabq,07042024165005,16.098388671875,67
con4,StrategyRandomCon4,StrategyTabQLearning,1,0.0,0.169189453125,9,exp6_r_rand_y_tabq,07042024165005,1.353515625,68
con4,StrategyRandomCon4,StrategyTabQLearning,2,0.0,0.0,20,exp6_r_rand_y_tabq,07042024165005,0.0,69
con4,StrategyRandomCon4,StrategyTabQLearning,1,0.0,0.0,15,exp6_r_rand_y_tabq,07042024165005,0.0,70
con4,StrategyRandomCon4,StrategyTabQLearning,2,0.0,0.0,18,exp6_r_rand_y_tabq,07042024165005,14.5087890625,71
con4,StrategyRandomCon4,StrategyTabQLearning,2,0.0,0.0,16,exp6_r_rand_y_tabq,07042024165005,0.0,72
con4,StrategyRandomCon4,StrategyTabQLearning,1,0.0,0.0,13,exp6_r_rand_y_tabq,07042024165005,0.0,73
con4,StrategyRandomCon4,StrategyTabQLearning,2,0.0,0.0,24,exp6_r_rand_y_tabq,07042024165005,16.1376953125,74
con4,StrategyRandomCon4,StrategyTabQLearning,1,0.0,0.0,11,exp6_r_rand_y_tabq,07042024165005,0.0,75
con4,StrategyRandomCon4,StrategyTabQLearning,1,0.0,0.0,29,exp6_r_rand_y_tabq,07042024165005,15.505615234375,76
con4,StrategyRandomCon4,StrategyTabQLearning,1,0.0,0.0,19,exp6_r_rand_y_tabq,07042024165005,0.0,77
con4,StrategyRandomCon4,StrategyTabQLearning,1,0.0,0.0,15,exp6_r_rand_y_tabq,07042024165005,15.63916015625,78
con4,StrategyRandomCon4,StrategyTabQLearning,1,0.0,0.0,9,exp6_r_rand_y_tabq,07042024165005,0.0,79
con4,StrategyRandomCon4,StrategyTabQLearning,1,0.0,7.8128662109375,27,exp6_r_rand_y_tabq,07042024165005,16.313720703125,80
con4,StrategyRandomCon4,StrategyTabQLearning,1,0.0,0.0,37,exp6_r_rand_y_tabq,07042024165005,0.50537109375,81
con4,StrategyRandomCon4,StrategyTabQLearning,1,0.0,0.0002874135971069336,33,exp6_r_rand_y_tabq,07042024165005,19.95947265625,82
con4,StrategyRandomCon4,StrategyTabQLearning,1,0.0,0.0,15,exp6_r_rand_y_tabq,07042024165005,10.52294921875,83
con4,StrategyRandomCon4,StrategyTabQLearning,1,0.0,0.0,29,exp6_r_rand_y_tabq,07042024165005,0.0,84
con4,StrategyRandomCon4,StrategyTabQLearning,1,0.0,0.0,15,exp6_r_rand_y_tabq,07042024165005,15.650390625,85
con4,StrategyRandomCon4,StrategyTabQLearning,1,0.0,0.023530960083007812,29,exp6_r_rand_y_tabq,07042024165005,8.901611328125,86
con4,StrategyRandomCon4,StrategyTabQLearning,1,0.0,0.0,21,exp6_r_rand_y_tabq,07042024165005,7.023193359375,87
con4,StrategyRandomCon4,StrategyTabQLearning,1,0.0,0.0,27,exp6_r_rand_y_tabq,07042024165005,0.0,88
con4,StrategyRandomCon4,StrategyTabQLearning,1,0.0,0.0,13,exp6_r_rand_y_tabq,07042024165005,15.649658203125,89
con4,StrategyRandomCon4,StrategyTabQLearning,1,0.0,0.0,11,exp6_r_rand_y_tabq,07042024165005,0.0,90
con4,StrategyRandomCon4,StrategyTabQLearning,1,0.0,0.0,17,exp6_r_rand_y_tabq,07042024165005,0.0,91
con4,StrategyRandomCon4,StrategyTabQLearning,2,0.0,0.06103515625,24,exp6_r_rand_y_tabq,07042024165005,15.625,92
con4,StrategyRandomCon4,StrategyTabQLearning,1,0.0,0.0,21,exp6_r_rand_y_tabq,07042024165005,0.0,93
con4,StrategyRandomCon4,StrategyTabQLearning,1,0.0,0.0,11,exp6_r_rand_y_tabq,07042024165005,15.625244140625,94
con4,StrategyRandomCon4,StrategyTabQLearning,1,0.0,0.0,19,exp6_r_rand_y_tabq,07042024165005,0.0,95
con4,StrategyRandomCon4,StrategyTabQLearning,1,0.0,0.0,17,exp6_r_rand_y_tabq,07042024165005,0.0,96
con4,StrategyRandomCon4,StrategyTabQLearning,1,0.0,0.0,31,exp6_r_rand_y_tabq,07042024165005,15.624755859375,97
con4,StrategyRandomCon4,StrategyTabQLearning,2,0.0,3.9061279296875,24,exp6_r_rand_y_tabq,07042024165005,15.62451171875,98
con4,StrategyRandomCon4,StrategyTabQLearning,1,0.0,0.0,17,exp6_r_rand_y_tabq,07042024165005,3.053466796875,99
con4,StrategyRandomCon4,StrategyTabQLearning,1,0.0,0.2819671630859375,25,exp6_r_rand_y_tabq,07042024165005,9.02294921875,100
